,0
0,succesful
1,failed
2,succesful
3,failed
4,succesful
5,failed
6,succesful
7,succesful
8,succesful
9,failed
10,failed
11,succesful
12,succesful
13,succesful
14,succesful
15,succesful
16,succesful
17,succesful
18,failed
19,failed
20,succesful
21,failed
22,failed
23,succesful
24,failed
25,failed
26,succesful
27,failed
28,succesful
29,succesful
30,failed
31,failed
32,failed
33,failed
34,succesful
35,failed
36,failed
37,succesful
38,succesful
39,succesful
40,succesful
41,succesful
42,succesful
43,failed
44,failed
45,failed
46,succesful
47,succesful
48,failed
49,failed
50,succesful
51,failed
52,succesful
53,succesful
54,failed
55,succesful
56,succesful
57,failed
58,failed
59,failed
60,succesful
61,succesful
62,succesful
63,succesful
64,succesful
65,succesful
66,failed
67,succesful
68,succesful
69,failed
70,failed
71,succesful
72,failed
73,succesful
74,failed
75,failed
76,failed
77,failed
78,succesful
79,succesful
80,succesful
81,succesful
82,succesful
83,succesful
84,failed
85,failed
86,succesful
87,failed
88,failed
89,failed
90,failed
91,succesful
92,failed
93,failed
94,succesful
95,failed
96,succesful
97,failed
98,succesful
99,failed
100,failed
101,succesful
102,succesful
103,succesful
104,succesful
105,succesful
106,succesful
107,failed
108,succesful
109,succesful
110,succesful
111,failed
112,succesful
113,succesful
114,succesful
115,succesful
116,failed
117,succesful
118,failed
119,succesful
120,failed
121,failed
122,failed
123,succesful
124,failed
125,failed
126,succesful
127,succesful
128,failed
129,failed
130,succesful
131,succesful
132,succesful
133,succesful
134,failed
135,failed
136,succesful
137,succesful
138,succesful
139,failed
140,failed
141,failed
142,succesful
143,failed
144,failed
145,succesful
146,succesful
147,succesful
148,succesful
149,succesful
150,succesful
151,failed
152,failed
153,succesful
154,succesful
155,failed
156,succesful
157,succesful
158,failed
159,succesful
160,failed
161,failed
162,failed
163,succesful
164,failed
165,succesful
166,succesful
167,failed
168,succesful
169,failed
170,failed
171,failed
172,succesful
173,succesful
174,failed
175,succesful
176,succesful
177,failed
178,failed
179,failed
180,succesful
181,succesful
182,succesful
183,failed
184,succesful
185,failed
186,succesful
187,succesful
188,failed
189,succesful
190,succesful
191,succesful
192,succesful
193,failed
194,failed
195,succesful
196,succesful
197,failed
198,failed
199,failed
200,succesful
201,failed
202,succesful
203,failed
204,succesful
205,failed
206,succesful
207,succesful
208,succesful
209,succesful
210,failed
211,failed
212,failed
213,failed
214,succesful
215,succesful
216,succesful
217,failed
218,succesful
219,succesful
220,failed
221,failed
222,failed
223,succesful
224,failed
225,failed
226,succesful
227,failed
228,failed
229,succesful
230,succesful
231,failed
232,failed
233,succesful
234,succesful
235,succesful
236,succesful
237,succesful
238,succesful
239,failed
240,succesful
241,succesful
242,failed
243,succesful
244,succesful
245,succesful
246,failed
247,succesful
248,failed
249,failed
250,failed
251,succesful
252,failed
253,succesful
254,failed
255,failed
256,succesful
257,failed
258,succesful
259,succesful
260,failed
261,succesful
262,succesful
263,failed
264,succesful
265,succesful
266,failed
267,failed
268,failed
269,succesful
270,failed
271,succesful
272,failed
273,failed
274,failed
275,succesful
276,failed
277,failed
278,failed
279,failed
280,succesful
281,succesful
282,succesful
283,failed
284,succesful
285,failed
286,failed
287,failed
288,succesful
289,succesful
290,succesful
291,succesful
292,failed
293,failed
294,failed
295,failed
296,succesful
297,succesful
298,failed
299,succesful
300,succesful
301,failed
302,succesful
303,failed
304,succesful
305,succesful
306,failed
307,failed
308,succesful
309,succesful
310,failed
311,succesful
312,succesful
313,failed
314,failed
315,succesful
316,succesful
317,succesful
318,succesful
319,succesful
320,succesful
321,succesful
322,succesful
323,failed
324,succesful
325,succesful
326,succesful
327,failed
328,succesful
329,succesful
330,failed
331,failed
332,succesful
333,succesful
334,failed
335,failed
336,succesful
337,failed
338,failed
339,failed
340,succesful
341,succesful
342,succesful
343,failed
344,failed
345,failed
346,succesful
347,failed
348,succesful
349,failed
350,failed
351,failed
352,succesful
353,succesful
354,succesful
355,succesful
356,succesful
357,failed
358,failed
359,succesful
360,succesful
361,failed
362,succesful
363,succesful
364,failed
365,succesful
366,failed
367,succesful
368,succesful
369,failed
370,failed
371,failed
372,failed
373,succesful
374,failed
375,succesful
376,failed
377,succesful
378,succesful
379,failed
380,succesful
381,succesful
382,succesful
383,succesful
384,failed
385,succesful
386,succesful
387,failed
388,failed
389,succesful
390,failed
391,failed
392,failed
393,succesful
394,failed
395,failed
396,failed
397,failed
398,failed
399,succesful
400,succesful
401,failed
402,succesful
403,failed
404,failed
405,succesful
406,failed
407,failed
408,succesful
409,succesful
410,failed
411,succesful
412,failed
413,succesful
414,failed
415,failed
416,failed
417,succesful
418,succesful
419,failed
420,succesful
421,succesful
422,succesful
423,succesful
424,succesful
425,failed
426,failed
427,failed
428,failed
429,failed
430,succesful
431,failed
432,failed
433,failed
434,failed
435,failed
436,succesful
437,succesful
438,failed
439,failed
440,failed
441,failed
442,failed
443,failed
444,succesful
445,failed
446,failed
447,failed
448,succesful
449,succesful
450,succesful
451,failed
452,succesful
453,succesful
454,failed
455,succesful
456,succesful
457,succesful
458,succesful
459,failed
460,failed
461,succesful
462,failed
463,succesful
464,failed
465,succesful
466,succesful
467,succesful
468,failed
469,succesful
470,failed
471,failed
472,succesful
473,failed
474,failed
475,failed
476,failed
477,failed
478,failed
479,failed
480,failed
481,succesful
482,failed
483,failed
484,succesful
485,succesful
486,failed
487,failed
488,succesful
489,failed
490,failed
491,succesful
492,succesful
493,succesful
494,succesful
495,failed
496,succesful
497,succesful
498,failed
499,failed
500,failed
501,succesful
502,failed
503,succesful
504,failed
505,succesful
506,succesful
507,succesful
508,failed
509,succesful
510,failed
511,succesful
512,failed
513,succesful
514,succesful
515,failed
516,succesful
517,succesful
518,succesful
519,succesful
520,failed
521,succesful
522,failed
523,succesful
524,failed
525,failed
526,succesful
527,succesful
528,failed
529,failed
530,succesful
531,failed
532,succesful
533,failed
534,succesful
535,succesful
536,succesful
537,succesful
538,failed
539,failed
540,succesful
541,succesful
542,failed
543,succesful
544,succesful
545,failed
546,succesful
547,succesful
548,failed
549,failed
550,failed
551,failed
552,succesful
553,succesful
554,succesful
555,succesful
556,failed
557,succesful
558,succesful
559,failed
560,failed
561,failed
562,failed
563,succesful
564,succesful
565,succesful
566,failed
567,succesful
568,failed
569,failed
570,succesful
571,succesful
572,succesful
573,failed
574,failed
575,succesful
576,failed
577,succesful
578,succesful
579,failed
580,failed
581,failed
582,succesful
583,succesful
584,failed
585,failed
586,succesful
587,failed
588,succesful
589,succesful
590,failed
591,failed
592,failed
593,failed
594,failed
595,failed
596,failed
597,failed
598,succesful
599,succesful
600,succesful
601,failed
602,failed
603,succesful
604,succesful
605,succesful
606,failed
607,succesful
608,succesful
609,failed
610,succesful
611,failed
612,failed
613,succesful
614,failed
615,failed
616,succesful
617,succesful
618,succesful
619,failed
620,succesful
621,failed
622,succesful
623,failed
624,succesful
625,succesful
626,succesful
627,failed
628,failed
629,failed
630,succesful
631,failed
632,failed
633,succesful
634,failed
635,failed
636,succesful
637,failed
638,failed
639,succesful
640,failed
641,succesful
642,succesful
643,failed
644,failed
645,failed
646,failed
647,succesful
648,succesful
649,failed
650,failed
651,failed
652,succesful
653,failed
654,succesful
655,succesful
656,failed
657,succesful
658,succesful
659,succesful
660,succesful
661,failed
662,succesful
663,succesful
664,succesful
665,failed
666,failed
667,succesful
668,failed
669,failed
670,succesful
671,failed
672,succesful
673,succesful
674,succesful
675,succesful
676,failed
677,failed
678,failed
679,failed
680,failed
681,failed
682,succesful
683,succesful
684,succesful
685,failed
686,failed
687,failed
688,succesful
689,failed
690,succesful
691,failed
692,succesful
693,succesful
694,succesful
695,succesful
696,failed
697,failed
698,failed
699,succesful
700,failed
701,succesful
702,failed
703,succesful
704,succesful
705,succesful
706,failed
707,succesful
708,succesful
709,failed
710,succesful
711,succesful
712,succesful
713,failed
714,succesful
715,failed
716,failed
717,failed
718,succesful
719,failed
720,failed
721,succesful
722,succesful
723,succesful
724,succesful
725,succesful
726,succesful
727,succesful
728,failed
729,failed
730,failed
731,failed
732,failed
733,succesful
734,succesful
735,failed
736,failed
737,succesful
738,failed
739,failed
740,failed
741,succesful
742,failed
743,succesful
744,succesful
745,failed
746,succesful
747,succesful
748,failed
749,succesful
750,succesful
751,succesful
752,succesful
753,succesful
754,failed
755,failed
756,succesful
757,failed
758,failed
759,succesful
760,succesful
761,failed
762,succesful
763,failed
764,succesful
765,succesful
766,failed
767,failed
768,succesful
769,succesful
770,failed
771,failed
772,failed
773,failed
774,succesful
775,failed
776,succesful
777,failed
778,succesful
779,succesful
780,succesful
781,failed
782,failed
783,failed
784,succesful
785,succesful
786,failed
787,succesful
788,failed
789,succesful
790,succesful
791,failed
792,succesful
793,failed
794,succesful
795,failed
796,failed
797,succesful
798,succesful
799,failed
800,failed
801,succesful
802,succesful
803,succesful
804,succesful
805,succesful
806,failed
807,failed
808,succesful
809,failed
810,succesful
811,succesful
812,succesful
813,succesful
814,succesful
815,succesful
816,succesful
817,failed
818,succesful
819,succesful
820,succesful
821,succesful
822,failed
823,succesful
824,failed
825,succesful
826,failed
827,failed
828,failed
829,succesful
830,failed
831,failed
832,failed
833,succesful
834,failed
835,succesful
836,succesful
837,succesful
838,succesful
839,failed
840,failed
841,succesful
842,succesful
843,failed
844,succesful
845,failed
846,succesful
847,failed
848,succesful
849,failed
850,failed
851,succesful
852,failed
853,succesful
854,failed
855,succesful
856,succesful
857,failed
858,failed
859,failed
860,succesful
861,succesful
862,succesful
863,succesful
864,failed
865,failed
866,failed
867,succesful
868,failed
869,failed
870,succesful
871,succesful
872,succesful
873,failed
874,succesful
875,succesful
876,failed
877,succesful
878,failed
879,failed
880,failed
881,succesful
882,succesful
883,failed
884,failed
885,failed
886,failed
887,succesful
888,succesful
889,failed
890,succesful
891,succesful
892,failed
893,succesful
894,succesful
895,succesful
896,failed
897,succesful
898,succesful
899,succesful
900,failed
901,failed
902,succesful
903,failed
904,failed
905,succesful
906,failed
907,failed
908,failed
909,failed
910,succesful
911,succesful
912,succesful
913,succesful
914,succesful
915,failed
916,failed
917,succesful
918,succesful
919,succesful
920,succesful
921,succesful
922,succesful
923,failed
924,succesful
925,succesful
926,succesful
927,failed
928,succesful
929,failed
930,failed
931,succesful
932,succesful
933,succesful
934,succesful
935,succesful
936,succesful
937,succesful
938,failed
939,succesful
940,failed
941,succesful
942,succesful
943,failed
944,failed
945,succesful
946,succesful
947,succesful
948,failed
949,succesful
950,failed
951,failed
952,succesful
953,succesful
954,succesful
955,failed
956,failed
957,succesful
958,succesful
959,failed
960,succesful
961,failed
962,succesful
963,failed
964,failed
965,failed
966,succesful
967,succesful
968,succesful
969,succesful
970,succesful
971,succesful
972,succesful
973,succesful
974,failed
975,failed
976,succesful
977,failed
978,failed
979,failed
980,succesful
981,succesful
982,succesful
983,succesful
984,succesful
985,failed
986,failed
987,failed
988,failed
989,succesful
990,failed
991,succesful
992,failed
993,failed
994,succesful
995,succesful
996,succesful
997,succesful
998,succesful
999,succesful
1000,succesful
1001,failed
1002,failed
1003,succesful
1004,succesful
1005,failed
1006,succesful
1007,succesful
1008,succesful
1009,failed
1010,succesful
1011,failed
1012,succesful
1013,succesful
1014,failed
1015,succesful
1016,succesful
1017,failed
1018,succesful
1019,failed
1020,failed
1021,succesful
1022,succesful
1023,succesful
1024,succesful
1025,succesful
1026,succesful
1027,failed
1028,succesful
1029,failed
1030,succesful
1031,succesful
1032,failed
1033,failed
1034,failed
1035,succesful
1036,succesful
1037,succesful
1038,succesful
1039,succesful
1040,failed
1041,succesful
1042,succesful
1043,failed
1044,succesful
1045,succesful
1046,succesful
1047,failed
1048,succesful
1049,succesful
1050,succesful
1051,failed
1052,failed
1053,succesful
1054,succesful
1055,failed
1056,succesful
1057,failed
1058,failed
1059,succesful
1060,succesful
1061,failed
1062,succesful
1063,succesful
1064,succesful
1065,failed
1066,succesful
1067,failed
1068,succesful
1069,succesful
1070,failed
1071,succesful
1072,succesful
1073,failed
1074,succesful
1075,succesful
1076,succesful
1077,succesful
1078,succesful
1079,failed
1080,succesful
1081,failed
1082,failed
1083,failed
1084,failed
1085,succesful
1086,failed
1087,succesful
1088,succesful
1089,failed
1090,failed
1091,failed
1092,succesful
1093,succesful
1094,succesful
1095,failed
1096,failed
1097,succesful
1098,succesful
1099,succesful
1100,failed
1101,succesful
1102,failed
1103,succesful
1104,succesful
1105,succesful
1106,succesful
1107,failed
1108,failed
1109,succesful
1110,succesful
1111,succesful
1112,succesful
1113,failed
1114,succesful
1115,succesful
1116,failed
1117,succesful
1118,succesful
1119,succesful
1120,failed
1121,succesful
1122,succesful
1123,failed
1124,failed
1125,succesful
1126,succesful
1127,succesful
1128,succesful
1129,failed
1130,succesful
1131,succesful
1132,succesful
1133,succesful
1134,failed
1135,succesful
1136,succesful
1137,failed
1138,succesful
1139,failed
1140,succesful
1141,succesful
1142,failed
1143,failed
1144,failed
1145,failed
1146,succesful
1147,failed
1148,failed
1149,failed
1150,succesful
1151,failed
1152,failed
1153,failed
1154,succesful
1155,failed
1156,succesful
1157,succesful
1158,succesful
1159,succesful
1160,succesful
1161,succesful
1162,succesful
1163,failed
1164,succesful
1165,succesful
1166,succesful
1167,failed
1168,succesful
1169,succesful
1170,failed
1171,succesful
1172,failed
1173,failed
1174,succesful
1175,succesful
1176,succesful
1177,succesful
1178,succesful
1179,succesful
1180,failed
1181,succesful
1182,succesful
1183,failed
1184,failed
1185,failed
1186,succesful
1187,failed
1188,failed
1189,succesful
1190,succesful
1191,succesful
1192,succesful
1193,failed
1194,failed
1195,succesful
1196,failed
1197,failed
1198,failed
1199,failed
1200,succesful
1201,succesful
1202,succesful
1203,succesful
1204,succesful
1205,succesful
1206,succesful
1207,failed
1208,failed
1209,succesful
1210,succesful
1211,succesful
1212,succesful
1213,succesful
1214,succesful
1215,succesful
1216,succesful
1217,succesful
1218,failed
1219,failed
1220,failed
1221,failed
1222,succesful
1223,failed
1224,succesful
1225,failed
1226,failed
1227,failed
1228,failed
1229,succesful
1230,failed
1231,succesful
1232,failed
1233,failed
1234,succesful
1235,succesful
1236,succesful
1237,failed
1238,succesful
1239,failed
1240,succesful
1241,failed
1242,failed
1243,succesful
1244,failed
1245,succesful
1246,succesful
1247,failed
1248,succesful
1249,failed
1250,failed
1251,failed
1252,failed
1253,succesful
1254,failed
1255,succesful
1256,failed
1257,failed
1258,succesful
1259,failed
1260,succesful
1261,failed
1262,failed
1263,succesful
1264,succesful
1265,succesful
1266,succesful
1267,failed
1268,succesful
1269,succesful
1270,failed
1271,succesful
1272,succesful
1273,succesful
1274,failed
1275,succesful
1276,failed
1277,failed
1278,failed
1279,succesful
1280,succesful
1281,succesful
1282,succesful
1283,failed
1284,succesful
1285,failed
1286,succesful
1287,succesful
1288,succesful
1289,failed
1290,succesful
1291,failed
1292,succesful
1293,succesful
1294,succesful
1295,failed
1296,failed
1297,failed
1298,succesful
1299,succesful
1300,failed
1301,succesful
1302,failed
1303,succesful
1304,succesful
1305,failed
1306,failed
1307,failed
1308,succesful
1309,succesful
1310,succesful
1311,failed
1312,failed
1313,failed
1314,failed
1315,failed
1316,failed
1317,failed
1318,failed
1319,succesful
1320,failed
1321,failed
1322,succesful
1323,succesful
1324,failed
1325,succesful
1326,succesful
1327,succesful
1328,succesful
1329,failed
1330,succesful
1331,failed
1332,succesful
1333,succesful
1334,failed
1335,succesful
1336,failed
1337,failed
1338,failed
1339,failed
1340,succesful
1341,succesful
1342,succesful
1343,succesful
1344,failed
1345,failed
1346,failed
1347,failed
1348,succesful
1349,succesful
1350,succesful
1351,succesful
1352,succesful
1353,succesful
1354,succesful
1355,failed
1356,failed
1357,succesful
1358,failed
1359,succesful
1360,failed
1361,failed
1362,succesful
1363,failed
1364,failed
1365,succesful
1366,succesful
1367,failed
1368,succesful
1369,succesful
1370,succesful
1371,succesful
1372,failed
1373,succesful
1374,succesful
1375,succesful
1376,failed
1377,failed
1378,failed
1379,succesful
1380,failed
1381,succesful
1382,failed
1383,succesful
1384,failed
1385,succesful
1386,succesful
1387,failed
1388,succesful
1389,failed
1390,succesful
1391,failed
1392,failed
1393,failed
1394,succesful
1395,failed
1396,succesful
1397,succesful
1398,succesful
1399,failed
1400,failed
1401,failed
1402,succesful
1403,succesful
1404,failed
1405,succesful
1406,succesful
1407,succesful
1408,failed
1409,succesful
1410,succesful
1411,succesful
1412,succesful
1413,succesful
1414,succesful
1415,failed
1416,succesful
1417,succesful
1418,succesful
1419,succesful
1420,succesful
1421,failed
1422,succesful
1423,failed
1424,succesful
1425,failed
1426,failed
1427,succesful
1428,succesful
1429,succesful
1430,succesful
1431,failed
1432,failed
1433,failed
1434,failed
1435,succesful
1436,succesful
1437,succesful
1438,failed
1439,succesful
1440,failed
1441,failed
1442,succesful
1443,failed
1444,succesful
1445,succesful
1446,succesful
1447,failed
1448,succesful
1449,failed
1450,failed
1451,failed
1452,failed
1453,failed
1454,succesful
1455,succesful
1456,succesful
1457,failed
1458,succesful
1459,failed
1460,succesful
1461,succesful
1462,failed
1463,succesful
1464,failed
1465,succesful
1466,succesful
1467,succesful
1468,succesful
1469,failed
1470,succesful
1471,failed
1472,succesful
1473,failed
1474,succesful
1475,succesful
1476,succesful
1477,failed
1478,succesful
1479,succesful
1480,succesful
1481,succesful
1482,failed
1483,succesful
1484,succesful
1485,succesful
1486,succesful
1487,failed
1488,succesful
1489,failed
1490,succesful
1491,succesful
1492,failed
1493,succesful
1494,succesful
1495,succesful
1496,succesful
1497,succesful
1498,succesful
1499,failed
1500,succesful
1501,succesful
1502,succesful
1503,succesful
1504,failed
1505,failed
1506,failed
1507,succesful
1508,succesful
1509,failed
1510,succesful
1511,failed
1512,failed
1513,failed
1514,failed
1515,succesful
1516,failed
1517,succesful
1518,succesful
1519,failed
1520,succesful
1521,succesful
1522,succesful
1523,failed
1524,failed
1525,failed
1526,succesful
1527,succesful
1528,succesful
1529,succesful
1530,succesful
1531,failed
1532,succesful
1533,failed
1534,failed
1535,failed
1536,failed
1537,succesful
1538,failed
1539,failed
1540,failed
1541,succesful
1542,failed
1543,failed
1544,failed
1545,failed
1546,failed
1547,succesful
1548,succesful
1549,succesful
1550,succesful
1551,succesful
1552,failed
1553,succesful
1554,succesful
1555,failed
1556,succesful
1557,failed
1558,failed
1559,succesful
1560,succesful
1561,succesful
1562,succesful
1563,failed
1564,succesful
1565,failed
1566,failed
1567,succesful
1568,succesful
1569,succesful
1570,succesful
1571,succesful
1572,succesful
1573,succesful
1574,succesful
1575,succesful
1576,failed
1577,succesful
1578,failed
1579,succesful
1580,failed
1581,failed
1582,failed
1583,succesful
1584,failed
1585,succesful
1586,failed
1587,failed
1588,succesful
1589,failed
1590,failed
1591,succesful
1592,succesful
1593,succesful
1594,succesful
1595,succesful
1596,succesful
1597,failed
1598,failed
1599,succesful
1600,succesful
1601,failed
1602,failed
1603,succesful
1604,succesful
1605,succesful
1606,succesful
1607,failed
1608,succesful
1609,succesful
1610,succesful
1611,failed
1612,succesful
1613,failed
1614,failed
1615,failed
1616,succesful
1617,failed
1618,failed
1619,succesful
1620,failed
1621,failed
1622,succesful
1623,failed
1624,succesful
1625,failed
1626,succesful
1627,failed
1628,failed
1629,succesful
1630,failed
1631,failed
1632,failed
1633,succesful
1634,failed
1635,succesful
1636,succesful
1637,succesful
1638,failed
1639,failed
1640,failed
1641,failed
1642,succesful
1643,succesful
1644,failed
1645,failed
1646,succesful
1647,succesful
1648,succesful
1649,failed
1650,succesful
1651,succesful
1652,failed
1653,succesful
1654,failed
1655,succesful
1656,succesful
1657,failed
1658,succesful
1659,succesful
1660,succesful
1661,failed
1662,succesful
1663,succesful
1664,succesful
1665,succesful
1666,failed
1667,failed
1668,failed
1669,succesful
1670,failed
1671,succesful
1672,failed
1673,failed
1674,succesful
1675,succesful
1676,succesful
1677,succesful
1678,failed
1679,failed
1680,succesful
1681,succesful
1682,failed
1683,succesful
1684,succesful
1685,failed
1686,failed
1687,succesful
1688,succesful
1689,succesful
1690,failed
1691,succesful
1692,failed
1693,succesful
1694,succesful
1695,succesful
1696,succesful
1697,succesful
1698,succesful
1699,succesful
1700,failed
1701,succesful
1702,failed
1703,failed
1704,failed
1705,failed
1706,succesful
1707,succesful
1708,succesful
1709,succesful
1710,failed
1711,succesful
1712,failed
1713,succesful
1714,succesful
1715,succesful
1716,succesful
1717,succesful
1718,failed
1719,succesful
1720,failed
1721,succesful
1722,succesful
1723,failed
1724,succesful
1725,succesful
1726,failed
1727,succesful
1728,succesful
1729,succesful
1730,failed
1731,succesful
1732,failed
1733,succesful
1734,succesful
1735,failed
1736,failed
1737,failed
1738,succesful
1739,succesful
1740,failed
1741,failed
1742,succesful
1743,succesful
1744,failed
1745,succesful
1746,succesful
1747,succesful
1748,succesful
1749,succesful
1750,failed
1751,succesful
1752,failed
1753,succesful
1754,failed
1755,failed
1756,failed
1757,succesful
1758,failed
1759,succesful
1760,failed
1761,succesful
1762,failed
1763,failed
1764,succesful
1765,succesful
1766,failed
1767,failed
1768,succesful
1769,failed
1770,succesful
1771,succesful
1772,failed
1773,failed
1774,succesful
1775,succesful
1776,failed
1777,succesful
1778,failed
1779,succesful
1780,succesful
1781,succesful
1782,failed
1783,failed
1784,succesful
1785,succesful
1786,failed
1787,succesful
1788,succesful
1789,failed
1790,succesful
1791,failed
1792,succesful
1793,failed
1794,succesful
1795,succesful
1796,failed
1797,succesful
1798,succesful
1799,succesful
1800,failed
1801,failed
1802,failed
1803,succesful
1804,failed
1805,failed
1806,failed
1807,succesful
1808,succesful
1809,succesful
1810,failed
1811,succesful
1812,succesful
1813,succesful
1814,succesful
1815,failed
1816,failed
1817,succesful
1818,succesful
1819,failed
1820,failed
1821,succesful
1822,succesful
1823,succesful
1824,succesful
1825,failed
1826,failed
1827,succesful
1828,failed
1829,succesful
1830,succesful
1831,failed
1832,succesful
1833,failed
1834,succesful
1835,failed
1836,succesful
1837,succesful
1838,succesful
1839,failed
1840,failed
1841,succesful
1842,succesful
1843,succesful
1844,succesful
1845,succesful
1846,succesful
1847,succesful
1848,succesful
1849,failed
1850,failed
1851,failed
1852,failed
1853,succesful
1854,succesful
1855,failed
1856,succesful
1857,failed
1858,failed
1859,failed
1860,succesful
1861,succesful
1862,succesful
1863,succesful
1864,failed
1865,failed
1866,failed
1867,failed
1868,succesful
1869,failed
1870,failed
1871,succesful
1872,failed
1873,failed
1874,succesful
1875,failed
1876,failed
1877,succesful
1878,succesful
1879,succesful
1880,succesful
1881,succesful
1882,succesful
1883,failed
1884,succesful
1885,succesful
1886,failed
1887,succesful
1888,failed
1889,succesful
1890,failed
1891,succesful
1892,succesful
1893,failed
1894,failed
1895,failed
1896,succesful
1897,succesful
1898,succesful
1899,succesful
1900,succesful
1901,failed
1902,succesful
1903,succesful
1904,failed
1905,succesful
1906,succesful
1907,succesful
1908,succesful
1909,succesful
1910,succesful
1911,succesful
1912,failed
1913,failed
1914,succesful
1915,failed
1916,failed
1917,failed
1918,failed
1919,succesful
1920,succesful
1921,succesful
1922,failed
1923,succesful
1924,failed
1925,failed
1926,succesful
1927,succesful
1928,failed
1929,succesful
1930,failed
1931,succesful
1932,succesful
1933,succesful
1934,succesful
1935,failed
1936,succesful
1937,failed
1938,failed
1939,failed
1940,failed
1941,succesful
1942,succesful
1943,succesful
1944,succesful
1945,failed
1946,failed
1947,succesful
1948,failed
1949,succesful
1950,succesful
1951,succesful
1952,failed
1953,failed
1954,succesful
1955,succesful
1956,succesful
1957,succesful
1958,succesful
1959,succesful
1960,succesful
1961,succesful
1962,succesful
1963,failed
1964,succesful
1965,succesful
1966,failed
1967,succesful
1968,succesful
1969,failed
1970,succesful
1971,succesful
1972,failed
1973,succesful
1974,failed
1975,failed
1976,succesful
1977,succesful
1978,failed
1979,succesful
1980,failed
1981,failed
1982,succesful
1983,failed
1984,succesful
1985,succesful
1986,succesful
1987,succesful
1988,failed
1989,failed
1990,succesful
1991,succesful
1992,succesful
1993,succesful
1994,succesful
1995,failed
1996,succesful
1997,succesful
1998,succesful
1999,failed
2000,succesful
2001,failed
2002,succesful
2003,succesful
2004,succesful
2005,failed
2006,failed
2007,succesful
2008,failed
2009,failed
2010,succesful
2011,succesful
2012,succesful
2013,succesful
2014,failed
2015,failed
2016,succesful
2017,failed
2018,succesful
2019,succesful
2020,succesful
2021,failed
2022,failed
2023,failed
2024,succesful
2025,failed
2026,succesful
2027,failed
2028,failed
2029,succesful
2030,succesful
2031,succesful
2032,succesful
2033,failed
2034,failed
2035,succesful
2036,succesful
2037,succesful
2038,succesful
2039,succesful
2040,failed
2041,succesful
2042,failed
2043,succesful
2044,failed
2045,succesful
2046,failed
2047,succesful
2048,succesful
2049,succesful
2050,succesful
2051,failed
2052,succesful
2053,succesful
2054,failed
2055,failed
2056,failed
2057,succesful
2058,succesful
2059,succesful
2060,succesful
2061,succesful
2062,succesful
2063,succesful
2064,succesful
2065,succesful
2066,succesful
2067,failed
2068,failed
2069,succesful
2070,failed
2071,failed
2072,failed
2073,failed
2074,failed
2075,succesful
2076,failed
2077,succesful
2078,succesful
2079,succesful
2080,failed
2081,succesful
2082,failed
2083,succesful
2084,failed
2085,failed
2086,failed
2087,succesful
2088,succesful
2089,succesful
2090,failed
2091,succesful
2092,succesful
2093,succesful
2094,succesful
2095,failed
2096,succesful
2097,succesful
2098,succesful
2099,succesful
2100,succesful
2101,failed
2102,failed
2103,failed
2104,succesful
2105,succesful
2106,succesful
2107,failed
2108,succesful
2109,failed
2110,succesful
2111,failed
2112,failed
2113,succesful
2114,succesful
2115,succesful
2116,succesful
2117,succesful
2118,failed
2119,succesful
2120,failed
2121,succesful
2122,succesful
2123,succesful
2124,failed
2125,failed
2126,succesful
2127,succesful
2128,failed
2129,succesful
2130,succesful
2131,failed
2132,failed
2133,failed
2134,succesful
2135,succesful
2136,succesful
2137,failed
2138,succesful
2139,succesful
2140,succesful
2141,succesful
2142,failed
2143,succesful
2144,succesful
2145,failed
2146,succesful
2147,succesful
2148,failed
2149,failed
2150,succesful
2151,failed
2152,succesful
2153,failed
2154,succesful
2155,succesful
2156,failed
2157,succesful
2158,succesful
2159,succesful
2160,failed
2161,succesful
2162,succesful
2163,succesful
2164,failed
2165,failed
2166,succesful
2167,failed
2168,failed
2169,succesful
2170,succesful
2171,succesful
2172,succesful
2173,succesful
2174,succesful
2175,succesful
2176,succesful
2177,succesful
2178,failed
2179,succesful
2180,succesful
2181,succesful
2182,failed
2183,failed
2184,succesful
2185,failed
2186,succesful
2187,succesful
2188,failed
2189,failed
2190,succesful
2191,failed
2192,failed
2193,failed
2194,succesful
2195,succesful
2196,failed
2197,failed
2198,succesful
2199,succesful
2200,failed
2201,failed
2202,succesful
2203,failed
2204,succesful
2205,failed
2206,succesful
2207,succesful
2208,failed
2209,succesful
2210,failed
2211,succesful
2212,failed
2213,succesful
2214,succesful
2215,failed
2216,succesful
2217,failed
2218,failed
2219,failed
2220,failed
2221,failed
2222,failed
2223,succesful
2224,failed
2225,succesful
2226,succesful
2227,failed
2228,succesful
2229,succesful
2230,succesful
2231,failed
2232,failed
2233,succesful
2234,succesful
2235,failed
2236,failed
2237,succesful
2238,failed
2239,succesful
2240,succesful
2241,failed
2242,failed
2243,succesful
2244,failed
2245,succesful
2246,failed
2247,succesful
2248,failed
2249,failed
2250,succesful
2251,succesful
2252,failed
2253,failed
2254,succesful
2255,succesful
2256,succesful
2257,succesful
2258,failed
2259,succesful
2260,failed
2261,succesful
2262,failed
2263,failed
2264,failed
2265,succesful
2266,failed
2267,failed
2268,succesful
2269,failed
2270,succesful
2271,failed
2272,failed
2273,failed
2274,succesful
2275,succesful
2276,failed
2277,succesful
2278,failed
2279,succesful
2280,succesful
2281,failed
2282,succesful
2283,succesful
2284,failed
2285,succesful
2286,succesful
2287,failed
2288,succesful
2289,failed
2290,succesful
2291,succesful
2292,succesful
2293,failed
2294,failed
2295,failed
2296,succesful
2297,failed
2298,succesful
2299,succesful
2300,failed
2301,succesful
2302,failed
2303,succesful
2304,succesful
2305,succesful
2306,failed
2307,failed
2308,succesful
2309,failed
2310,failed
2311,failed
2312,succesful
2313,failed
2314,failed
2315,succesful
2316,succesful
2317,succesful
2318,succesful
2319,succesful
2320,succesful
2321,failed
2322,succesful
2323,succesful
2324,failed
2325,succesful
2326,succesful
2327,succesful
2328,failed
2329,failed
2330,succesful
2331,succesful
2332,succesful
2333,failed
2334,succesful
2335,succesful
2336,succesful
2337,failed
2338,succesful
2339,succesful
2340,failed
2341,succesful
2342,succesful
2343,succesful
2344,failed
2345,succesful
2346,failed
2347,failed
2348,failed
2349,succesful
2350,succesful
2351,failed
2352,failed
2353,failed
2354,failed
2355,failed
2356,failed
2357,succesful
2358,succesful
2359,failed
2360,succesful
2361,failed
2362,succesful
2363,failed
2364,succesful
2365,failed
2366,failed
2367,succesful
2368,failed
2369,failed
2370,failed
2371,failed
2372,failed
2373,succesful
2374,succesful
2375,succesful
2376,succesful
2377,failed
2378,succesful
2379,failed
2380,succesful
2381,failed
2382,failed
2383,succesful
2384,failed
2385,failed
2386,succesful
2387,succesful
2388,failed
2389,succesful
2390,failed
2391,failed
2392,succesful
2393,failed
2394,failed
2395,succesful
2396,succesful
2397,succesful
2398,failed
2399,failed
2400,succesful
2401,succesful
2402,failed
2403,succesful
2404,succesful
2405,failed
2406,succesful
2407,failed
2408,failed
2409,failed
2410,succesful
2411,succesful
2412,succesful
2413,succesful
2414,succesful
2415,failed
2416,succesful
2417,succesful
2418,failed
2419,failed
2420,succesful
2421,succesful
2422,succesful
2423,failed
2424,failed
2425,succesful
2426,succesful
2427,succesful
2428,succesful
2429,succesful
2430,failed
2431,succesful
2432,succesful
2433,succesful
2434,succesful
2435,succesful
2436,succesful
2437,failed
2438,failed
2439,succesful
2440,succesful
2441,failed
2442,failed
2443,succesful
2444,failed
2445,succesful
2446,succesful
2447,succesful
2448,succesful
2449,succesful
2450,failed
2451,succesful
2452,succesful
2453,succesful
2454,succesful
2455,succesful
2456,failed
2457,failed
2458,succesful
2459,succesful
2460,failed
2461,failed
2462,failed
2463,succesful
2464,failed
2465,failed
2466,succesful
2467,failed
2468,succesful
2469,succesful
2470,succesful
2471,succesful
2472,succesful
2473,succesful
2474,succesful
2475,succesful
2476,succesful
2477,failed
2478,failed
2479,succesful
2480,failed
2481,failed
2482,succesful
2483,failed
2484,failed
2485,succesful
2486,succesful
2487,succesful
2488,failed
2489,succesful
2490,succesful
2491,succesful
2492,succesful
2493,succesful
2494,failed
2495,failed
2496,failed
2497,failed
2498,succesful
2499,succesful
2500,failed
2501,succesful
2502,succesful
2503,succesful
2504,failed
2505,succesful
2506,succesful
2507,succesful
2508,succesful
2509,succesful
2510,failed
2511,failed
2512,succesful
2513,succesful
2514,succesful
2515,failed
2516,succesful
2517,succesful
2518,succesful
2519,succesful
2520,failed
2521,succesful
2522,failed
2523,failed
2524,failed
2525,failed
2526,succesful
2527,failed
2528,succesful
2529,succesful
2530,failed
2531,failed
2532,failed
2533,succesful
2534,succesful
2535,failed
2536,failed
2537,succesful
2538,failed
2539,failed
2540,succesful
2541,succesful
2542,failed
2543,succesful
2544,failed
2545,succesful
2546,failed
2547,failed
2548,failed
2549,succesful
2550,succesful
2551,succesful
2552,succesful
2553,succesful
2554,failed
2555,failed
2556,failed
2557,succesful
2558,succesful
2559,failed
2560,failed
2561,failed
2562,succesful
2563,failed
2564,succesful
2565,succesful
2566,succesful
2567,succesful
2568,failed
2569,failed
2570,failed
2571,failed
2572,succesful
2573,failed
2574,succesful
2575,failed
2576,failed
2577,succesful
2578,failed
2579,failed
2580,failed
2581,failed
2582,succesful
2583,failed
2584,failed
2585,succesful
2586,failed
2587,succesful
2588,failed
2589,failed
2590,succesful
2591,succesful
2592,failed
2593,succesful
2594,failed
2595,succesful
2596,succesful
2597,failed
2598,failed
2599,succesful
2600,succesful
2601,failed
2602,succesful
2603,failed
2604,succesful
2605,succesful
2606,failed
2607,failed
2608,failed
2609,failed
2610,succesful
2611,failed
2612,succesful
2613,succesful
2614,succesful
2615,succesful
2616,succesful
2617,succesful
2618,succesful
2619,succesful
2620,succesful
2621,succesful
2622,failed
2623,failed
2624,failed
2625,failed
2626,succesful
2627,succesful
2628,failed
2629,failed
2630,failed
2631,succesful
2632,failed
2633,failed
2634,succesful
2635,failed
2636,failed
2637,failed
2638,failed
2639,failed
2640,succesful
2641,succesful
2642,failed
2643,failed
2644,succesful
2645,succesful
2646,failed
2647,succesful
2648,failed
2649,succesful
2650,succesful
2651,failed
2652,succesful
2653,succesful
2654,succesful
2655,succesful
2656,succesful
2657,succesful
2658,succesful
2659,failed
2660,succesful
2661,succesful
2662,succesful
2663,succesful
2664,succesful
2665,failed
2666,failed
2667,failed
2668,failed
2669,failed
2670,succesful
2671,succesful
2672,failed
2673,succesful
2674,failed
2675,succesful
2676,succesful
2677,succesful
2678,succesful
2679,succesful
2680,succesful
2681,succesful
2682,succesful
2683,succesful
2684,failed
2685,failed
2686,succesful
2687,failed
2688,succesful
2689,failed
2690,failed
2691,succesful
2692,failed
2693,succesful
2694,failed
2695,failed
2696,succesful
2697,succesful
2698,succesful
2699,succesful
2700,failed
2701,succesful
2702,succesful
2703,succesful
2704,succesful
2705,succesful
2706,failed
2707,succesful
2708,succesful
2709,succesful
2710,succesful
2711,failed
2712,succesful
2713,failed
2714,failed
2715,succesful
2716,failed
2717,failed
2718,succesful
2719,failed
2720,succesful
2721,succesful
2722,succesful
2723,failed
2724,succesful
2725,failed
2726,failed
2727,succesful
2728,failed
2729,succesful
2730,failed
2731,failed
2732,failed
2733,succesful
2734,failed
2735,succesful
2736,failed
2737,succesful
2738,succesful
2739,succesful
2740,succesful
2741,failed
2742,succesful
2743,failed
2744,failed
2745,failed
2746,succesful
2747,succesful
2748,failed
2749,succesful
2750,failed
2751,succesful
2752,succesful
2753,succesful
2754,succesful
2755,succesful
2756,succesful
2757,succesful
2758,succesful
2759,failed
2760,succesful
2761,succesful
2762,failed
2763,failed
2764,succesful
2765,failed
2766,succesful
2767,succesful
2768,succesful
2769,failed
2770,failed
2771,succesful
2772,succesful
2773,succesful
2774,succesful
2775,succesful
2776,failed
2777,failed
2778,failed
2779,succesful
2780,succesful
2781,failed
2782,succesful
2783,succesful
2784,succesful
2785,succesful
2786,failed
2787,succesful
2788,succesful
2789,succesful
2790,failed
2791,failed
2792,succesful
2793,failed
2794,succesful
2795,succesful
2796,failed
2797,succesful
2798,succesful
2799,failed
2800,failed
2801,failed
2802,failed
2803,succesful
2804,failed
2805,failed
2806,succesful
2807,succesful
2808,failed
2809,succesful
2810,succesful
2811,failed
2812,failed
2813,failed
2814,succesful
2815,succesful
2816,succesful
2817,failed
2818,failed
2819,succesful
2820,succesful
2821,failed
2822,failed
2823,succesful
2824,failed
2825,failed
2826,failed
2827,failed
2828,failed
2829,succesful
2830,failed
2831,succesful
2832,succesful
2833,succesful
2834,failed
2835,failed
2836,failed
2837,succesful
2838,failed
2839,failed
2840,succesful
2841,succesful
2842,succesful
2843,succesful
2844,failed
2845,succesful
2846,succesful
2847,succesful
2848,failed
2849,failed
2850,failed
2851,failed
2852,failed
2853,succesful
2854,succesful
2855,succesful
2856,succesful
2857,succesful
2858,failed
2859,succesful
2860,failed
2861,failed
2862,succesful
2863,succesful
2864,failed
2865,succesful
2866,failed
2867,failed
2868,succesful
2869,succesful
2870,succesful
2871,succesful
2872,succesful
2873,succesful
2874,failed
2875,succesful
2876,failed
2877,failed
2878,succesful
2879,succesful
2880,succesful
2881,failed
2882,failed
2883,succesful
2884,succesful
2885,succesful
2886,failed
2887,failed
2888,succesful
2889,succesful
2890,succesful
2891,failed
2892,succesful
2893,failed
2894,failed
2895,failed
2896,succesful
2897,succesful
2898,succesful
2899,failed
2900,failed
2901,failed
2902,failed
2903,succesful
2904,failed
2905,failed
2906,failed
2907,succesful
2908,succesful
2909,succesful
2910,succesful
2911,failed
2912,failed
2913,succesful
2914,failed
2915,succesful
2916,failed
2917,failed
2918,failed
2919,succesful
2920,failed
2921,succesful
2922,failed
2923,succesful
2924,succesful
2925,succesful
2926,succesful
2927,failed
2928,succesful
2929,failed
2930,failed
2931,failed
2932,failed
2933,succesful
2934,failed
2935,failed
2936,succesful
2937,succesful
2938,failed
2939,succesful
2940,failed
2941,succesful
2942,succesful
2943,failed
2944,succesful
2945,failed
2946,failed
2947,succesful
2948,succesful
2949,succesful
2950,succesful
2951,failed
2952,failed
2953,succesful
2954,succesful
2955,failed
2956,failed
2957,succesful
2958,succesful
2959,failed
2960,succesful
2961,succesful
2962,failed
2963,failed
2964,failed
2965,succesful
2966,succesful
2967,succesful
2968,succesful
2969,succesful
2970,succesful
2971,failed
2972,failed
2973,failed
2974,failed
2975,succesful
2976,failed
2977,failed
2978,succesful
2979,succesful
2980,succesful
2981,succesful
2982,failed
2983,succesful
2984,succesful
2985,succesful
2986,succesful
2987,succesful
2988,succesful
2989,failed
2990,failed
2991,succesful
2992,failed
2993,succesful
2994,failed
2995,succesful
2996,failed
2997,succesful
2998,failed
2999,succesful
3000,succesful
3001,failed
3002,succesful
3003,succesful
3004,succesful
3005,failed
3006,failed
3007,succesful
3008,failed
3009,failed
3010,failed
3011,succesful
3012,succesful
3013,failed
3014,failed
3015,succesful
3016,succesful
3017,failed
3018,succesful
3019,succesful
3020,succesful
3021,succesful
3022,succesful
3023,failed
3024,failed
3025,failed
3026,failed
3027,failed
3028,succesful
3029,failed
3030,failed
3031,succesful
3032,succesful
3033,succesful
3034,succesful
3035,failed
3036,succesful
3037,failed
3038,succesful
3039,succesful
3040,succesful
3041,succesful
3042,failed
3043,failed
3044,failed
3045,succesful
3046,failed
3047,failed
3048,succesful
3049,failed
3050,failed
3051,succesful
3052,failed
3053,failed
3054,failed
3055,failed
3056,failed
3057,failed
3058,succesful
3059,succesful
3060,succesful
3061,succesful
3062,succesful
3063,succesful
3064,failed
3065,succesful
3066,succesful
3067,succesful
3068,failed
3069,failed
3070,failed
3071,succesful
3072,failed
3073,succesful
3074,succesful
3075,succesful
3076,succesful
3077,succesful
3078,failed
3079,succesful
3080,failed
3081,succesful
3082,succesful
3083,succesful
3084,failed
3085,succesful
3086,succesful
3087,succesful
3088,failed
3089,succesful
3090,succesful
3091,succesful
3092,failed
3093,succesful
3094,succesful
3095,failed
3096,succesful
3097,failed
3098,failed
3099,succesful
3100,failed
3101,succesful
3102,succesful
3103,succesful
3104,failed
3105,failed
3106,failed
3107,failed
3108,succesful
3109,succesful
3110,failed
3111,failed
3112,failed
3113,succesful
3114,succesful
3115,failed
3116,succesful
3117,succesful
3118,succesful
3119,succesful
3120,succesful
3121,failed
3122,succesful
3123,failed
3124,failed
3125,succesful
3126,failed
3127,succesful
3128,succesful
3129,failed
3130,succesful
3131,failed
3132,succesful
3133,succesful
3134,failed
3135,failed
3136,succesful
3137,failed
3138,succesful
3139,succesful
3140,succesful
3141,failed
3142,failed
3143,succesful
3144,succesful
3145,failed
3146,succesful
3147,succesful
3148,failed
3149,succesful
3150,failed
3151,succesful
3152,failed
3153,failed
3154,failed
3155,failed
3156,failed
3157,failed
3158,succesful
3159,succesful
3160,failed
3161,succesful
3162,failed
3163,succesful
3164,succesful
3165,succesful
3166,failed
3167,failed
3168,succesful
3169,succesful
3170,failed
3171,succesful
3172,failed
3173,failed
3174,failed
3175,succesful
3176,failed
3177,failed
3178,succesful
3179,succesful
3180,succesful
3181,succesful
3182,succesful
3183,succesful
3184,failed
3185,failed
3186,succesful
3187,succesful
3188,succesful
3189,succesful
3190,succesful
3191,failed
3192,succesful
3193,failed
3194,failed
3195,failed
3196,succesful
3197,failed
3198,failed
3199,failed
3200,failed
3201,succesful
3202,succesful
3203,succesful
3204,failed
3205,failed
3206,failed
3207,succesful
3208,failed
3209,succesful
3210,succesful
3211,succesful
3212,succesful
3213,succesful
3214,succesful
3215,succesful
3216,succesful
3217,failed
3218,succesful
3219,failed
3220,failed
3221,succesful
3222,failed
3223,failed
3224,failed
3225,failed
3226,failed
3227,failed
3228,failed
3229,succesful
3230,succesful
3231,succesful
3232,failed
3233,succesful
3234,succesful
3235,failed
3236,succesful
3237,succesful
3238,succesful
3239,succesful
3240,succesful
3241,succesful
3242,succesful
3243,succesful
3244,succesful
3245,succesful
3246,failed
3247,succesful
3248,failed
3249,succesful
3250,succesful
3251,succesful
3252,succesful
3253,failed
3254,failed
3255,succesful
3256,succesful
3257,succesful
3258,failed
3259,failed
3260,failed
3261,failed
3262,failed
3263,succesful
3264,failed
3265,failed
3266,succesful
3267,succesful
3268,succesful
3269,failed
3270,failed
3271,succesful
3272,succesful
3273,succesful
3274,succesful
3275,succesful
3276,failed
3277,failed
3278,failed
3279,failed
3280,failed
3281,failed
3282,succesful
3283,succesful
3284,failed
3285,failed
3286,succesful
3287,succesful
3288,failed
3289,failed
3290,succesful
3291,failed
3292,failed
3293,succesful
3294,succesful
3295,succesful
3296,succesful
3297,succesful
3298,succesful
3299,succesful
3300,succesful
3301,succesful
3302,succesful
3303,failed
3304,succesful
3305,failed
3306,succesful
3307,failed
3308,succesful
3309,succesful
3310,failed
3311,succesful
3312,succesful
3313,succesful
3314,succesful
3315,succesful
3316,failed
3317,succesful
3318,succesful
3319,succesful
3320,failed
3321,succesful
3322,failed
3323,succesful
3324,succesful
3325,succesful
3326,failed
3327,succesful
3328,failed
3329,failed
3330,failed
3331,failed
3332,succesful
3333,succesful
3334,succesful
3335,succesful
3336,succesful
3337,succesful
3338,succesful
3339,succesful
3340,succesful
3341,failed
3342,failed
3343,succesful
3344,failed
3345,succesful
3346,failed
3347,failed
3348,failed
3349,succesful
3350,failed
3351,succesful
3352,failed
3353,succesful
3354,succesful
3355,succesful
3356,failed
3357,succesful
3358,failed
3359,succesful
3360,succesful
3361,succesful
3362,failed
3363,failed
3364,succesful
3365,succesful
3366,failed
3367,succesful
3368,failed
3369,succesful
3370,succesful
3371,succesful
3372,succesful
3373,succesful
3374,failed
3375,succesful
3376,failed
3377,failed
3378,failed
3379,succesful
3380,succesful
3381,succesful
3382,succesful
3383,succesful
3384,succesful
3385,failed
3386,succesful
3387,failed
3388,succesful
3389,succesful
3390,failed
3391,failed
3392,failed
3393,succesful
3394,succesful
3395,succesful
3396,failed
3397,succesful
3398,succesful
3399,succesful
3400,succesful
3401,succesful
3402,succesful
3403,succesful
3404,failed
3405,succesful
3406,failed
3407,succesful
3408,failed
3409,succesful
3410,succesful
3411,succesful
3412,succesful
3413,failed
3414,failed
3415,succesful
3416,succesful
3417,failed
3418,succesful
3419,failed
3420,succesful
3421,failed
3422,succesful
3423,failed
3424,succesful
3425,succesful
3426,failed
3427,failed
3428,succesful
3429,succesful
3430,succesful
3431,succesful
3432,succesful
3433,succesful
3434,succesful
3435,succesful
3436,failed
3437,succesful
3438,succesful
3439,succesful
3440,succesful
3441,succesful
3442,succesful
3443,succesful
3444,failed
3445,failed
3446,succesful
3447,failed
3448,succesful
3449,succesful
3450,failed
3451,succesful
3452,succesful
3453,failed
3454,succesful
3455,succesful
3456,succesful
3457,failed
3458,failed
3459,succesful
3460,failed
3461,failed
3462,succesful
3463,failed
3464,failed
3465,failed
3466,succesful
3467,succesful
3468,succesful
3469,failed
3470,failed
3471,failed
3472,failed
3473,succesful
3474,succesful
3475,succesful
3476,failed
3477,failed
3478,failed
3479,succesful
3480,succesful
3481,failed
3482,failed
3483,succesful
3484,succesful
3485,succesful
3486,failed
3487,succesful
3488,succesful
3489,failed
3490,failed
3491,succesful
3492,failed
3493,succesful
3494,succesful
3495,failed
3496,failed
3497,succesful
3498,succesful
3499,succesful
3500,succesful
3501,succesful
3502,succesful
3503,succesful
3504,failed
3505,failed
3506,succesful
3507,succesful
3508,failed
3509,succesful
3510,succesful
3511,succesful
3512,succesful
3513,failed
3514,failed
3515,failed
3516,succesful
3517,failed
3518,failed
3519,succesful
3520,succesful
3521,succesful
3522,succesful
3523,succesful
3524,failed
3525,succesful
3526,succesful
3527,failed
3528,failed
3529,succesful
3530,failed
3531,succesful
3532,failed
3533,failed
3534,succesful
3535,succesful
3536,succesful
3537,failed
3538,succesful
3539,succesful
3540,failed
3541,failed
3542,succesful
3543,succesful
3544,failed
3545,failed
3546,failed
3547,succesful
3548,failed
3549,failed
3550,failed
3551,succesful
3552,failed
3553,failed
3554,succesful
3555,failed
3556,failed
3557,failed
3558,succesful
3559,failed
3560,failed
3561,succesful
3562,succesful
3563,failed
3564,succesful
3565,succesful
3566,failed
3567,succesful
3568,failed
3569,succesful
3570,failed
3571,failed
3572,succesful
3573,failed
3574,succesful
3575,succesful
3576,succesful
3577,succesful
3578,succesful
3579,succesful
3580,succesful
3581,succesful
3582,succesful
3583,succesful
3584,failed
3585,succesful
3586,succesful
3587,succesful
3588,failed
3589,succesful
3590,failed
3591,failed
3592,failed
3593,failed
3594,failed
3595,succesful
3596,failed
3597,succesful
3598,failed
3599,succesful
3600,failed
3601,succesful
3602,succesful
3603,failed
3604,succesful
3605,failed
3606,succesful
3607,succesful
3608,succesful
3609,succesful
3610,failed
3611,failed
3612,succesful
3613,succesful
3614,failed
3615,failed
3616,failed
3617,failed
3618,failed
3619,succesful
3620,succesful
3621,failed
3622,succesful
3623,failed
3624,succesful
3625,failed
3626,failed
3627,failed
3628,failed
3629,failed
3630,succesful
3631,succesful
3632,failed
3633,succesful
3634,succesful
3635,succesful
3636,succesful
3637,failed
3638,succesful
3639,succesful
3640,failed
3641,failed
3642,succesful
3643,succesful
3644,failed
3645,succesful
3646,succesful
3647,failed
3648,failed
3649,succesful
3650,succesful
3651,failed
3652,succesful
3653,succesful
3654,failed
3655,failed
3656,failed
3657,succesful
3658,failed
3659,succesful
3660,succesful
3661,failed
3662,succesful
3663,failed
3664,succesful
3665,failed
3666,failed
3667,succesful
3668,failed
3669,failed
3670,succesful
3671,failed
3672,succesful
3673,failed
3674,failed
3675,succesful
3676,succesful
3677,failed
3678,failed
3679,failed
3680,succesful
3681,succesful
3682,failed
3683,succesful
3684,failed
3685,succesful
3686,failed
3687,succesful
3688,succesful
3689,succesful
3690,succesful
3691,failed
3692,succesful
3693,succesful
3694,succesful
3695,succesful
3696,failed
3697,failed
3698,succesful
3699,succesful
3700,succesful
3701,succesful
3702,succesful
3703,failed
3704,succesful
3705,failed
3706,succesful
3707,failed
3708,failed
3709,failed
3710,succesful
3711,succesful
3712,succesful
3713,failed
3714,failed
3715,succesful
3716,succesful
3717,succesful
3718,failed
3719,succesful
3720,succesful
3721,failed
3722,failed
3723,succesful
3724,succesful
3725,failed
3726,succesful
3727,failed
3728,succesful
3729,succesful
3730,succesful
3731,failed
3732,succesful
3733,failed
3734,failed
3735,succesful
3736,failed
3737,succesful
3738,succesful
3739,failed
3740,succesful
3741,succesful
3742,failed
3743,failed
3744,failed
3745,succesful
3746,succesful
3747,succesful
3748,failed
3749,succesful
3750,succesful
3751,succesful
3752,succesful
3753,succesful
3754,failed
3755,failed
3756,failed
3757,succesful
3758,succesful
3759,failed
3760,failed
3761,failed
3762,failed
3763,succesful
3764,succesful
3765,succesful
3766,succesful
3767,succesful
3768,succesful
3769,failed
3770,failed
3771,succesful
3772,succesful
3773,succesful
3774,succesful
3775,succesful
3776,failed
3777,failed
3778,succesful
3779,succesful
3780,failed
3781,succesful
3782,succesful
3783,succesful
3784,succesful
3785,failed
3786,failed
3787,succesful
3788,succesful
3789,failed
3790,failed
3791,failed
3792,failed
3793,succesful
3794,failed
3795,failed
3796,succesful
3797,failed
3798,succesful
3799,succesful
3800,failed
3801,succesful
3802,failed
3803,failed
3804,failed
3805,failed
3806,failed
3807,succesful
3808,failed
3809,succesful
3810,succesful
3811,succesful
3812,succesful
3813,failed
3814,failed
3815,failed
3816,failed
3817,failed
3818,failed
3819,succesful
3820,failed
3821,failed
3822,failed
3823,failed
3824,succesful
3825,failed
3826,succesful
3827,succesful
3828,failed
3829,failed
3830,failed
3831,succesful
3832,succesful
3833,succesful
3834,failed
3835,failed
3836,succesful
3837,succesful
3838,succesful
3839,failed
3840,succesful
3841,succesful
3842,failed
3843,failed
3844,failed
3845,failed
3846,succesful
3847,failed
3848,failed
3849,failed
3850,succesful
3851,failed
3852,failed
3853,succesful
3854,failed
3855,succesful
3856,succesful
3857,succesful
3858,failed
3859,failed
3860,failed
3861,succesful
3862,succesful
3863,succesful
3864,succesful
3865,succesful
3866,failed
3867,succesful
3868,succesful
3869,failed
3870,failed
3871,succesful
3872,succesful
3873,succesful
3874,succesful
3875,failed
3876,succesful
3877,failed
3878,succesful
3879,failed
3880,failed
3881,failed
3882,failed
3883,succesful
3884,succesful
3885,succesful
3886,succesful
3887,failed
3888,failed
3889,failed
3890,failed
3891,succesful
3892,succesful
3893,failed
3894,succesful
3895,succesful
3896,succesful
3897,failed
3898,failed
3899,failed
3900,succesful
3901,succesful
3902,succesful
3903,succesful
3904,failed
3905,succesful
3906,failed
3907,succesful
3908,succesful
3909,failed
3910,succesful
3911,failed
3912,failed
3913,failed
3914,failed
3915,succesful
3916,succesful
3917,succesful
3918,failed
3919,succesful
3920,succesful
3921,failed
3922,failed
3923,failed
3924,succesful
3925,failed
3926,succesful
3927,succesful
3928,succesful
3929,succesful
3930,succesful
3931,failed
3932,failed
3933,succesful
3934,failed
3935,succesful
3936,failed
3937,succesful
3938,succesful
3939,succesful
3940,succesful
3941,failed
3942,succesful
3943,failed
3944,failed
3945,succesful
3946,failed
3947,succesful
3948,succesful
3949,failed
3950,succesful
3951,failed
3952,failed
3953,failed
3954,succesful
3955,failed
3956,succesful
3957,failed
3958,succesful
3959,succesful
3960,succesful
3961,failed
3962,succesful
3963,failed
3964,failed
3965,failed
3966,succesful
3967,failed
3968,failed
3969,failed
3970,succesful
3971,failed
3972,succesful
3973,failed
3974,failed
3975,succesful
3976,failed
3977,succesful
3978,failed
3979,succesful
3980,failed
3981,succesful
3982,succesful
3983,failed
3984,failed
3985,succesful
3986,failed
3987,succesful
3988,failed
3989,succesful
3990,succesful
3991,failed
3992,succesful
3993,succesful
3994,succesful
3995,succesful
3996,succesful
3997,failed
3998,failed
3999,failed
4000,succesful
4001,failed
